{"cameraMode":{"drawMode":0,"name":"Shaded","section":"Shading Mode"},"sceneLighting":false,"audioPlay":false,"sceneViewState":{"m_AlwaysRefresh":false,"showFog":true,"showSkybox":false,"showFlares":true,"showImageEffects":true,"showParticleSystems":true,"showVisualEffectGraphs":true,"m_FxEnabled":true},"in2DMode":false,"pivot":{"x":311.37310791015627,"y":5.318671226501465,"z":-52.749046325683597},"rotation":{"x":0.07542843371629715,"y":0.05266731232404709,"z":-0.00422801123932004,"w":0.9959853291511536},"size":5.0750813484191898,"orthographic":false}