{"cameraMode":{"drawMode":0,"name":"Shaded","section":"Shading Mode"},"sceneLighting":true,"audioPlay":false,"sceneViewState":{"m_AlwaysRefresh":false,"showFog":true,"showSkybox":true,"showFlares":true,"showImageEffects":true,"showParticleSystems":true,"showVisualEffectGraphs":true,"m_FxEnabled":true},"in2DMode":false,"pivot":{"x":-141.68264770507813,"y":132.81480407714845,"z":-68.28433990478516},"rotation":{"x":-0.08822858333587647,"y":0.9055159687995911,"z":-0.34395381808280947,"w":-0.23227663338184358},"size":611.5344848632813,"orthographic":false}