{"cameraMode":{"drawMode":0,"name":"Shaded","section":"Shading Mode"},"sceneLighting":true,"audioPlay":false,"sceneViewState":{"m_AlwaysRefresh":false,"showFog":true,"showSkybox":true,"showFlares":true,"showImageEffects":true,"showParticleSystems":true,"showVisualEffectGraphs":true,"m_FxEnabled":true},"in2DMode":false,"pivot":{"x":11.994625091552735,"y":-4.495213508605957,"z":45.28144836425781},"rotation":{"x":-0.16053593158721925,"y":0.045876339077949527,"z":-0.007469894364476204,"w":-0.9859346747398377},"size":3.389500141143799,"orthographic":false}